Unnamed: 0,SMILES,NLL,Mol,qed,sascore,activity,value
0,Cc1ccc(CC(=O)NC2CCN(Cc3c[nH]c4ccc(F)cc34)C2)cc1,22.99,<rdkit.Chem.rdchem.Mol object at 0x146113680>,0.726439879472585,2.5675385002130007,0.5087764263153076,1
2,COc1ccccc1NC(=O)Nc1cccnc1,14.38,<rdkit.Chem.rdchem.Mol object at 0x146113a70>,0.8707704416463692,1.6183056626783063,0.8310860991477966,1
3,O=C(O)c1cc2c(=O)c(Cc3ccccc3)coc2cc1O,20.83,<rdkit.Chem.rdchem.Mol object at 0x146113d80>,0.7756035639291031,2.1732322901892385,0.9776841402053832,1
4,O=C1NCc2ccc(Nc3ccc(O)cc3)cc21,18.41,<rdkit.Chem.rdchem.Mol object at 0x146113df0>,0.706152299888337,2.124049745518544,0.794409453868866,1
5,O=C(CN1CCN(CCO)CC1)Nc1ccc2ccccc2c1,17.04,<rdkit.Chem.rdchem.Mol object at 0x146134270>,0.875737978272323,1.7871526317568414,0.9128121733665466,1
6,CCCN(CC1CC1)c1ccnc(Nc2ccc(C3=NNC(=O)CC3)cc2)n1,28.83,<rdkit.Chem.rdchem.Mol object at 0x146134cf0>,0.7350152958317364,2.7109631002182173,0.5411133766174316,1
7,COc1ccc(NC(=O)Nc2cc3ncccc3cc2N2CCN(C)CC2)cc1,16.15,<rdkit.Chem.rdchem.Mol object at 0x146134dd0>,0.7106488870037341,2.1355945918508965,0.9359492659568788,1
11,c1ccc(CCCN2CCC(N3CCCCC3)CC2)cc1,10.16,<rdkit.Chem.rdchem.Mol object at 0x146135f50>,0.8162639524102298,1.8135996643882133,0.963935375213623,1
13,NC(=O)C1CCN(c2ncc3c(N4CCOCC4)ccnc3n2)CC1,20.75,<rdkit.Chem.rdchem.Mol object at 0x146136570>,0.8702926499244918,2.533679687177697,0.9517538547515868,1
14,O=C(CN1CCN(C(=O)c2cc3ccsc3s2)CC1)N1CCCCC1,14.31,<rdkit.Chem.rdchem.Mol object at 0x1461367a0>,0.8261102919031,2.47478421826305,0.9991703033447266,1
15,COc1ccc(NC(=O)Nc2ccc(-c3nnc4n3CCCC4)cc2)cc1,15.75,<rdkit.Chem.rdchem.Mol object at 0x146136dc0>,0.7357407325265438,2.016954004681254,0.5728021860122681,1
16,O=C(Nc1ccc(Cl)cc1)Nc1ccc(C(=O)N2CCOCC2)cc1,18.98,<rdkit.Chem.rdchem.Mol object at 0x146136f80>,0.8812475276221295,1.7378320054074106,0.9588260650634766,1
18,CN1CCC(COc2ccc3[nH]nc(-c4cnnc(N5CCC5)n4)c3c2)CC1,23.41,<rdkit.Chem.rdchem.Mol object at 0x146137300>,0.7284041110502962,2.7154452557320816,0.7923042178153992,1
19,Cc1ccc(F)c(NC(=O)Nc2ccc3nc(N4CCOCC4)sc3c2)c1,17.55,<rdkit.Chem.rdchem.Mol object at 0x146137610>,0.707166550354034,2.174157914500743,0.9605194330215454,1
20,CNCC1CCN(c2ncnc3scc(-c4ccccc4)c23)CC1,15.16,<rdkit.Chem.rdchem.Mol object at 0x146137ae0>,0.7855999310697136,2.30189672598352,0.987934708595276,1
21,CC(C)(CO)NCc1cccc(Oc2ccc(O)cc2)c1,20.03,<rdkit.Chem.rdchem.Mol object at 0x146137b50>,0.7639456612375605,2.028497336207918,0.9258087873458862,1
22,O=C(O)C1CCCC1C(=O)Nc1ccc(-c2ccccc2)cc1,17.53,<rdkit.Chem.rdchem.Mol object at 0x146137d80>,0.9026175867094092,2.453304866921337,0.978569269180298,1
23,OCCNCc1cccc2ccoc12,13.72,<rdkit.Chem.rdchem.Mol object at 0x146138120>,0.7199987908836295,2.320676458112402,0.8577983975410461,1
24,O=c1ccnc2c(OCCCN3CCCC3)cccn12,19.87,<rdkit.Chem.rdchem.Mol object at 0x1461382e0>,0.7756600124227394,2.242886329941633,0.8976641893386841,1
25,CCOC(=O)Nc1cc2ccc(N3CCOCC3)nc2cc1F,22.35,<rdkit.Chem.rdchem.Mol object at 0x146138510>,0.9422845235179657,2.2276817310157924,0.9727661609649658,1
26,Cc1cc(=O)c2cc(-c3ccc(CN(C)CCO)cc3)sc2[nH]1,15.13,<rdkit.Chem.rdchem.Mol object at 0x1461386d0>,0.7568967585033037,2.601892435695726,0.9891566038131714,1
27,CC1(C)C(=O)CCc2cc3c(Cl)cc(Cl)cc3nc21,30.26,<rdkit.Chem.rdchem.Mol object at 0x146138970>,0.7233570562867947,2.7630516062464103,0.9188207387924194,1
31,CNC(=O)Cn1c(=O)[nH]c2cc3c(cc2c1=O)OCO3,24.78,<rdkit.Chem.rdchem.Mol object at 0x1461394d0>,0.7451624046349291,2.379700410776053,0.9450793266296388,1
33,NC(=O)c1nscc1NC(=O)Nc1cccc(F)c1,16.71,<rdkit.Chem.rdchem.Mol object at 0x146139700>,0.8019444505080665,2.469646331042659,0.7430768013000488,1
34,CCCNC(=O)COC(=O)c1ccc(Cl)c(Cl)c1,26.15,<rdkit.Chem.rdchem.Mol object at 0x146139770>,0.8481708681429528,1.6949830869024345,0.9341028332710266,1
35,CNC(=O)c1cc(-c2ccc(OC)c(OC)c2)nc2ccccc12,21.83,<rdkit.Chem.rdchem.Mol object at 0x146139850>,0.8006155259016895,1.816482577745676,0.9056044816970824,1
36,CC(C)Oc1ccc(NC(=O)N2CCC(c3ccncc3)CC2)cc1,18.67,<rdkit.Chem.rdchem.Mol object at 0x146139b60>,0.904346729838651,2.045664697715104,0.9592820405960084,1
38,CN1C(=O)c2ccc(NC(=O)c3cccc(C#N)c3)cc2C1=O,19.85,<rdkit.Chem.rdchem.Mol object at 0x14613a2d0>,0.8595580634233643,1.992120301819988,0.9484848976135254,1
40,O=C(Nc1ccc(C(=O)O)cc1)Nc1ccc(C(F)(F)F)cc1,17.08,<rdkit.Chem.rdchem.Mol object at 0x14613a730>,0.7968435444386851,1.6881331795672416,0.9761585593223572,1
41,NC(=O)Nc1cccc(OCc2ccccc2)c1,17.9,<rdkit.Chem.rdchem.Mol object at 0x14613a960>,0.8653704278808055,1.5058695680037495,0.5648651123046875,1
42,Oc1ccc2ncnc(Oc3ccc(Cl)c(Cl)c3)c2c1,17.82,<rdkit.Chem.rdchem.Mol object at 0x14613b220>,0.7604369109372062,2.1125910990351624,0.7485066056251526,1
43,COC1CCC(CCN2CCC(c3cccc(NC(C)=O)c3)CC2)CC1,24.75,<rdkit.Chem.rdchem.Mol object at 0x14613b680>,0.8183254072752926,2.251865181771354,0.9229066967964172,1
44,c1ccc(N=Nc2ccc3c(c2)OCCN3CCCN2CCCC2)cc1,25.93,<rdkit.Chem.rdchem.Mol object at 0x14613bb50>,0.7035889873861463,2.453822980587921,0.9066347479820251,1
46,COc1cccc(-c2noc(CN3CCC(C(N)=O)CC3)n2)c1,16.3,<rdkit.Chem.rdchem.Mol object at 0x14613c660>,0.8967379007198347,2.04635375898782,0.8548014163970947,1
48,COc1cc2cc(CCNC(C)=O)c(=O)[nH]c2cc1C,18.1,<rdkit.Chem.rdchem.Mol object at 0x14613ceb0>,0.8877214371113579,2.164060410776054,0.6987852454185486,1
52,Oc1cccc(-c2cnc3ccc(N4CCOCC4)nn23)c1,18.05,<rdkit.Chem.rdchem.Mol object at 0x14613dfc0>,0.7827580714505598,2.35388903766013,0.9227529764175416,1
53,Cc1ccc(-c2csc3ncnc(N)c23)cc1,12.48,<rdkit.Chem.rdchem.Mol object at 0x14613e2d0>,0.7111527956995233,2.066035184666303,0.6195045113563538,1
54,COC(=O)C1CCN(C(=O)c2cc(S(=O)(=O)Nc3ccccc3F)ccc2Cl)C1,26.13,<rdkit.Chem.rdchem.Mol object at 0x14613e880>,0.721461430722099,2.5415301078252,0.5084351301193237,1
55,Cc1nn(C)c(C(=O)NCCCN2CCCC(CO)C2)c1Cl,14.12,<rdkit.Chem.rdchem.Mol object at 0x14613e9d0>,0.770001140286604,2.832315709316708,0.74360591173172,1
57,CC(C)Nc1ccc(-c2ccccc2O)nc1,17.31,<rdkit.Chem.rdchem.Mol object at 0x14613ece0>,0.8470216739268741,2.0291598510713253,0.9589478373527528,1
58,CC(C)(C)OC(=O)N1CCC(CNC(=O)c2cccc(C#Cc3ccc(F)cc3)c2)CC1,26.98,<rdkit.Chem.rdchem.Mol object at 0x14613eff0>,0.7155972431057367,2.321215588549784,0.9719843864440918,1
59,COc1ccc2c(C)c(CCNC(=O)C3CC3)sc2c1,21.23,<rdkit.Chem.rdchem.Mol object at 0x14613f140>,0.9169974257641474,2.1688679931936345,0.9574963450431824,1
60,COc1ccc(NC(=O)NC(=O)c2ccc(NC(C)=O)cc2)cc1,26.11,<rdkit.Chem.rdchem.Mol object at 0x14613f1b0>,0.803977021698931,1.6513960646099974,0.8997224569320679,1
61,O=C(Nc1ccc2c(c1)nc1n2CCCC1)c1ccccc1,17.54,<rdkit.Chem.rdchem.Mol object at 0x14613f370>,0.7834943917031656,1.9115022920980007,0.7972115874290466,1
62,COc1ccc(C(=O)c2c(O)[nH]c3ccccc3c2=O)cc1,19.61,<rdkit.Chem.rdchem.Mol object at 0x14613f760>,0.7274757847622949,2.0715345234398583,0.8394442200660706,1
65,c1ccc2sc(CN3CCCCC3)cc2c1,19.07,<rdkit.Chem.rdchem.Mol object at 0x1461402e0>,0.7577001179128564,1.906200398425256,0.7489649057388306,1
66,O=C1C(N2CCCC2)CCN1C1CCC(c2ccc(O)cc2)CC1,25.09,<rdkit.Chem.rdchem.Mol object at 0x146140580>,0.9270172088481748,2.787968402381905,0.9977790713310242,1
68,COc1ccc(Cl)cc1NC(=O)c1cc(C)nn1C,16.55,<rdkit.Chem.rdchem.Mol object at 0x1461407b0>,0.939602029434494,1.916263440565935,0.5893700122833252,1
69,COC(=O)Nc1cccc(-c2ncnc3[nH]cc(C)c23)c1,27.78,<rdkit.Chem.rdchem.Mol object at 0x1461409e0>,0.7564737634440318,2.419287466586015,0.9295851588249208,1
70,CC(C)(N)C(=O)Nc1cccc(F)c1,23.2,<rdkit.Chem.rdchem.Mol object at 0x146140ac0>,0.7527177492769159,1.8616003362118896,0.9620317220687866,1
71,O=C(NCCCN1CCCC(Cn2cccn2)C1)Nc1cccc(F)c1,18.49,<rdkit.Chem.rdchem.Mol object at 0x146141230>,0.7473943408978677,2.6952153539052865,0.7843784689903259,1
72,O=C(Nc1ccc2c(c1)OCO2)c1cc(O)n(-c2ccc3c(c2)OCCO3)c1,18.47,<rdkit.Chem.rdchem.Mol object at 0x146141540>,0.7260578717764483,2.5367505090153823,0.8796941637992859,1
73,Cc1c2cc(NC(=O)NCCCN3CCOCC3)ccc2nn1C,12.59,<rdkit.Chem.rdchem.Mol object at 0x1461419a0>,0.8186581272823228,2.28799534579604,0.9558752179145812,1
74,O=C(c1csc2ccccc12)N1CCCC(CO)C1,22.65,<rdkit.Chem.rdchem.Mol object at 0x146141a80>,0.9152234016775438,2.5457083780802385,0.9987315535545348,1
75,O=C(c1ccc(F)cc1)C1CCN(C(=O)CCc2ccccc2)CC1,20.65,<rdkit.Chem.rdchem.Mol object at 0x146141af0>,0.7754087981513806,1.7792166207920277,0.9002538919448853,1
77,O=C(Nc1ccc(F)c(Cl)c1)N1CCN(C(=O)Nc2ccccc2F)CC1,20.88,<rdkit.Chem.rdchem.Mol object at 0x146141e70>,0.8082029030448353,1.958342156170005,0.9963997602462769,1
79,CC(C)CC(=O)N1CCC(N2CCCCC2)CC1,16.58,<rdkit.Chem.rdchem.Mol object at 0x1461425e0>,0.7703108226727998,2.0175122585711005,0.9989235997200012,1
80,COc1ccc(-c2nc3ccc(N4CCN(C)CC4)cc3[nH]2)cc1,16.53,<rdkit.Chem.rdchem.Mol object at 0x146142650>,0.805010290225279,2.0080936831108964,0.9131020307540894,1
83,O=C(NCC1CCCO1)c1cnc(-c2cccs2)cc1-c1ccccc1,26.15,<rdkit.Chem.rdchem.Mol object at 0x146142ce0>,0.7305922907438763,2.6667381547886144,0.950430154800415,1
84,Cc1ccc(F)c(NC(=O)Nc2ccc(N)cc2)c1,14.39,<rdkit.Chem.rdchem.Mol object at 0x146143290>,0.723776948018221,1.6862910335100043,0.7343823313713074,1
85,COc1cc2ccc(=Nc3cccc(Cl)c3)[nH]c2cc1OC,18.36,<rdkit.Chem.rdchem.Mol object at 0x1461437d0>,0.791784704172621,2.573332148395547,0.6697821617126465,1
86,COc1ccc(C(=O)N2CCC3(CCN(Cc4ccc(F)cc4)C3)CC2)cc1,21.72,<rdkit.Chem.rdchem.Mol object at 0x1461438b0>,0.802386313157133,2.512664461735868,0.919216513633728,1
93,CC(C)(O)Cn1ccc2cccc(NC(=O)NC3CCCCC3)c21,26.22,<rdkit.Chem.rdchem.Mol object at 0x1461444a0>,0.7970376832991599,2.4678260166597017,0.8333334922790527,1
94,O=C(NNCc1ccccc1)c1ccccc1O,15.57,<rdkit.Chem.rdchem.Mol object at 0x146144c10>,0.7166861356371849,1.747112171554047,0.577241837978363,1
97,O=C(NCCc1ccccc1)c1cc(Cl)cc(Cl)c1O,17.83,<rdkit.Chem.rdchem.Mol object at 0x146145850>,0.904981326350806,1.7672157953914382,0.8010224103927612,1
99,COc1ccccc1OCCCN1CCCC1,13.78,<rdkit.Chem.rdchem.Mol object at 0x146145a10>,0.7073028164903103,1.5630804279944035,0.705075204372406,1
101,Cc1ccc(NC(=O)Nc2cccnc2)c(C)c1,19.96,<rdkit.Chem.rdchem.Mol object at 0x146145cb0>,0.8467782566105204,1.6824706296118226,0.6732410788536072,1
103,CC(C)n1cc(C(=O)NC2CCC(CN3CCCCC3)CC2)c2cncnc21,19.53,<rdkit.Chem.rdchem.Mol object at 0x1461468f0>,0.8532555446827524,2.561140877995996,0.9441779255867004,1
105,O=C(c1cccc(Cn2nnc3ccccc3c2=O)c1)N1CCCC1,24.65,<rdkit.Chem.rdchem.Mol object at 0x146147370>,0.7352909204003811,1.953901394237759,0.9187451601028442,1
106,NC(=O)c1ccccc1-c1ccc2ncn(CCC(=O)O)c2c1,25.34,<rdkit.Chem.rdchem.Mol object at 0x1461473e0>,0.755018686978487,2.1168659268199868,0.8985711336135864,1
107,CNCC1CCC(Nc2cc(F)cc3c(=O)c(C(=O)O)cn(C4CC4)c23)CC1,25.29,<rdkit.Chem.rdchem.Mol object at 0x1461475a0>,0.7079127682071821,2.684175591999942,0.998465895652771,1
108,Cc1cc2cc(NC(=O)CCCN3CCN(CC(C)O)CC3)ccc2cn1,18.06,<rdkit.Chem.rdchem.Mol object at 0x1461477d0>,0.7824644211184208,2.7195662954946407,0.945328652858734,1
109,CCCCc1ccc(NC(=O)Nc2cc(C)ccc2F)cc1,14.72,<rdkit.Chem.rdchem.Mol object at 0x146147df0>,0.7901751980411523,1.6756908509832833,0.5104544758796692,1
110,c1ccc2c3c([nH]c2c1)C1(CCCCC1)NCC3,18.31,<rdkit.Chem.rdchem.Mol object at 0x146148200>,0.7247315013761291,2.9086184969112736,0.9515421390533448,1
112,COc1cc(C(=O)NC2CCN(Cc3ccc4c(c3)OCO4)CC2)cc(OC)c1OC,17.03,<rdkit.Chem.rdchem.Mol object at 0x146148350>,0.7265571136330617,2.1764587597821734,0.8217480778694153,1
113,O=C(c1cc(COc2cccc(F)c2)on1)N1CCCC1CO,19.12,<rdkit.Chem.rdchem.Mol object at 0x146148660>,0.9116021232175622,2.7075638229141727,0.891878604888916,1
114,NC(=O)c1ccc(-n2cc(-c3ccc(F)cc3)nn2)c(N)c1,18.92,<rdkit.Chem.rdchem.Mol object at 0x1461487b0>,0.7192259356098372,2.193633034606112,0.7081280946731567,1
115,Cc1ccc(F)c(C(=O)N2CCC3(CC2)CC(=O)c2cc(NC(=O)CN4CCCC4)ccc2O3)c1,26.04,<rdkit.Chem.rdchem.Mol object at 0x146148d60>,0.7216804348452492,2.9526929798625314,0.8391856551170349,1
118,COc1ccc(Nc2ccnc3nc(C)sc23)cc1OC,20.22,<rdkit.Chem.rdchem.Mol object at 0x1461492a0>,0.7948486841890691,2.357450543509092,0.6547634601593018,1
119,COC(=O)C1CCN(C(=O)c2ccc3c(c2)N(C)CC(=O)N3)CC1,19.89,<rdkit.Chem.rdchem.Mol object at 0x146149310>,0.8211835131720588,2.330934296527332,0.9865397810935974,1
120,COc1ccc(NC(=O)N2CCCC2c2ccc(OC)c(OC)c2)cc1,18.22,<rdkit.Chem.rdchem.Mol object at 0x1461494d0>,0.8768213933646153,2.289219878470337,0.7110312581062317,1
121,CNc1cccc(NC(=O)Nc2cccnc2)c1C,24.36,<rdkit.Chem.rdchem.Mol object at 0x1461498c0>,0.7902677000266513,1.94948740506298,0.8521028757095337,1
122,Cc1c2c(N3CCC(N4CCCCC4)CC3)ncnc2nn1C,15.9,<rdkit.Chem.rdchem.Mol object at 0x146149930>,0.849725575597422,2.616156994558219,0.9919961094856262,1
124,Cc1cc(N2CCCC2)nc2cc(N(C)C(=O)C3CC3)ccc12,20.86,<rdkit.Chem.rdchem.Mol object at 0x146149af0>,0.8702282270735809,2.311295749305195,0.9954429864883424,1
125,Cc1ccc2c(c1)CCN2C(=O)Nc1ccc(C(F)(F)F)cc1,17.21,<rdkit.Chem.rdchem.Mol object at 0x146149d20>,0.8175298938199566,1.998355397973833,0.8378317952156067,1
126,COc1ccc(-c2cc[nH]c(=NC(=O)C3CC3)c2)cc1Cl,22.18,<rdkit.Chem.rdchem.Mol object at 0x146149e70>,0.94646127008247,2.741461612609484,0.9808705449104308,1
127,NCCc1c[nH]c2ccc(OCCN3CCCC3)cc12,16.27,<rdkit.Chem.rdchem.Mol object at 0x146149fc0>,0.8476132743092488,2.0886894590159493,0.6289212107658386,1
128,CN1CC=C(c2cc3cc[nH]c3cc2F)CC1,19.9,<rdkit.Chem.rdchem.Mol object at 0x14614a340>,0.7974796453090173,2.6286383243837275,0.8125476837158203,1
129,CN1CCc2cc(C(=O)NC3CC3)sc2C1=O,22.18,<rdkit.Chem.rdchem.Mol object at 0x14614a6c0>,0.8589829933044524,2.463976892806185,0.9524678587913512,1
130,c1ccc(Nc2ccc(OCCN3CCOCC3)cc2)cc1,17.74,<rdkit.Chem.rdchem.Mol object at 0x14614adc0>,0.888101095336346,1.7116345459979456,0.5392609238624573,1
132,Oc1ccc(Cl)cc1C=Nc1ccc(Cl)cc1,20.08,<rdkit.Chem.rdchem.Mol object at 0x14614b530>,0.8000085306603051,2.0742175433790173,0.6662575602531433,1
133,O=C(NC1CCN(Cc2ccc(Cl)cc2)CC1)c1ccc2c(c1)OCO2,20.06,<rdkit.Chem.rdchem.Mol object at 0x14614b5a0>,0.8925024192070095,1.9339049955365333,0.837491512298584,1
134,CNC(=O)OC1CCN(c2cccn3cc(C)nc23)CC1,29.2,<rdkit.Chem.rdchem.Mol object at 0x14614b8b0>,0.9175782807338768,2.630503620432169,0.9333541393280028,1
136,CC(C)(CO)NCc1ccc(F)cc1,10.38,<rdkit.Chem.rdchem.Mol object at 0x14614bbc0>,0.7694433637835439,1.909577751684041,0.5400429964065552,1
137,O=C(Cc1cccc2ccccc12)N1CCCCC1CO,22.67,<rdkit.Chem.rdchem.Mol object at 0x14614be60>,0.9406681165583278,2.3342932235078973,0.9603778123855592,1
138,CCN(CC)CCNC(=O)c1nc(NC(=O)c2ccc(C)cn2)cs1,27.12,<rdkit.Chem.rdchem.Mol object at 0x14614bed0>,0.7523616596592952,2.563169258154666,0.6561380624771118,1
139,CCNC(=O)Cc1cn2nc(C)ccc2c1-c1cccc(OC)c1,23.57,<rdkit.Chem.rdchem.Mol object at 0x14614c270>,0.7851356721535201,2.443530089057891,0.7138411998748779,1
140,CCN(CC)CCNC(=O)C1CCCN1C(=O)c1cc2ccc(Cl)cc2s1,23.97,<rdkit.Chem.rdchem.Mol object at 0x14614c3c0>,0.762194886391831,2.7901585874132504,0.9973620772361756,1
141,COc1cccc(NC(=O)N2CCn3c2nc2ccccc23)c1,21.94,<rdkit.Chem.rdchem.Mol object at 0x14614c820>,0.7911412264280976,2.1317958005283675,0.8244546055793762,1
143,Cc1cn2ccnc(N3CCC(N4CCCCC4)CC3)c2n1,18.22,<rdkit.Chem.rdchem.Mol object at 0x14614ca50>,0.8535395799856041,2.527668919316934,0.9856550097465516,1
145,CN1CCN(CC(=O)Nc2ccc3c(c2)[nH]c(=O)c2ccccc23)CC1,12.9,<rdkit.Chem.rdchem.Mol object at 0x14614cdd0>,0.7078288360538642,2.010523027925199,0.9829782843589784,1
146,O=C(O)Cc1ccc2c(-c3ccc(F)cc3)coc2c1,24.45,<rdkit.Chem.rdchem.Mol object at 0x14614cf90>,0.7856513151380601,1.9830858358772687,0.8831197619438171,1
148,CNC(=O)N1CCN(CCCNC(=O)c2ccc(-c3cccs3)cc2)CC1,21.84,<rdkit.Chem.rdchem.Mol object at 0x14614d460>,0.749984786000947,2.105097559471158,0.9954800605773926,1
149,COc1ccc2c(c1)CCC(=O)N2Cc1cc(CO)c2c(O)occ2n1,41.82,<rdkit.Chem.rdchem.Mol object at 0x14614da80>,0.7473298137073043,2.960890820024991,0.6364852786064148,1
150,Cc1cc2cc(NC(=O)C3(C)CCN3C(=O)CCc3ccccc3)ccc2[nH]1,22.15,<rdkit.Chem.rdchem.Mol object at 0x14614dc40>,0.7068249534667485,2.8704233078897143,0.9853231906890868,1
151,COc1ccc(NC(=O)c2ccc(NC(=O)C(C)(C)C)cc2)cc1,22.88,<rdkit.Chem.rdchem.Mol object at 0x14614de70>,0.8942548240249035,1.6381209158781314,0.9158408641815186,1
152,CC1CCCCN1CCc1ccc2c(c1)C(=O)N(Cc1ccc(C(=O)O)cc1)C2(C)C,29.81,<rdkit.Chem.rdchem.Mol object at 0x14614e0a0>,0.7363076004838185,2.9744264031689696,0.9429543614387512,1
153,c1cc2ncc(-c3ccc(OCCN4CCOCC4)cc3)cn2n1,12.16,<rdkit.Chem.rdchem.Mol object at 0x14614e110>,0.7193430977471618,2.30157126552848,0.7448201179504395,1
154,CCN(CC)CCCN=c1cc[nH]c2cc(Cl)ccc12,15.24,<rdkit.Chem.rdchem.Mol object at 0x14614e180>,0.8121952093559455,2.7635303702902227,0.9875137209892272,1
155,Cc1ccc(Nn2cc(Cl)cn2)cc1C,26.31,<rdkit.Chem.rdchem.Mol object at 0x14614e570>,0.8450325526654937,2.608850701221499,0.5246933102607727,1
156,COc1cc2[nH]c(C)c(NCc3ccccc3)c2cc1Cl,21.1,<rdkit.Chem.rdchem.Mol object at 0x14614e730>,0.7292926865599215,2.108030543509092,0.587382435798645,1
157,COc1ccc2c(c1)CCC(CN1CCCC1)C2=O,17.51,<rdkit.Chem.rdchem.Mol object at 0x14614e880>,0.8351522416797187,2.5775268396187005,0.8192420601844788,1
158,O=C(O)C1CCN(C(=O)Nc2ccc(OCc3ccccc3)cc2)C1,19.42,<rdkit.Chem.rdchem.Mol object at 0x14614eb90>,0.875924522193234,2.192869691711385,0.9817200303077698,1
159,CC1(C)Oc2ccc(C(=O)Nc3ccc(-c4cccnc4)cc3)cc2NC1=O,18.23,<rdkit.Chem.rdchem.Mol object at 0x14614ef80>,0.7239749034725304,2.223176198508817,0.8846312761306763,1
160,Cc1ccc(-c2ccnc(C(=O)Nc3cccc(C(N)=O)c3)c2)cc1,24.81,<rdkit.Chem.rdchem.Mol object at 0x14614f680>,0.7680480816715306,1.840926209091052,0.7626054286956787,1
161,O=c1c2ccccc2sn1CCCN1CCCC1,20.89,<rdkit.Chem.rdchem.Mol object at 0x14614f760>,0.8458074989071787,2.289969272145761,0.977575659751892,1
162,O=C(COc1ccc2ccc(=O)oc2c1)Nc1ccccc1,18.94,<rdkit.Chem.rdchem.Mol object at 0x14614fae0>,0.7514442439724083,1.796733453340602,0.7936257123947144,1
163,N#CC(c1cccnc1)N1CCN(C(=O)OCc2ccccc2)CC1,19.91,<rdkit.Chem.rdchem.Mol object at 0x14614fc30>,0.8582257909004577,2.641571377696634,0.6343531608581543,1
164,CCn1cc(CN2CCC(Nc3ccc4ccccc4c3)C2)cn1,22.44,<rdkit.Chem.rdchem.Mol object at 0x1461500b0>,0.7771887974116891,2.5996091143459967,0.8350115418434143,1
166,Fc1ccc2c(CN3CCCCC3)coc2c1,18.61,<rdkit.Chem.rdchem.Mol object at 0x146150c80>,0.7882071798158563,2.036466581840557,0.6586976647377014,1
167,O=C(CSc1nc2ccccc2[nH]1)N1CCN(C2CCCCC2)CC1,23.91,<rdkit.Chem.rdchem.Mol object at 0x146150dd0>,0.8533843213994575,2.1925007164261228,0.989437222480774,1
168,CC1CN(CC(=O)N2CCc3cc(F)ccc32)CCN1,15.28,<rdkit.Chem.rdchem.Mol object at 0x146151230>,0.876109762233381,2.7910431578087707,0.8975518941879272,1
169,COc1ccccc1N1CCN(CCCN2CCC3CCCCC3C2)CC1,22.38,<rdkit.Chem.rdchem.Mol object at 0x146151310>,0.7584875147952904,2.8029201991421697,0.9832337498664856,1
170,O=C(Nc1ccccc1)Nc1cccc2cccnc12,15.3,<rdkit.Chem.rdchem.Mol object at 0x146151460>,0.7368297521205567,1.6390602543223365,0.76423579454422,1
173,Cc1ccc(Nc2nccc(Oc3cccc4c3C(=O)NCC4C)n2)cc1,25.33,<rdkit.Chem.rdchem.Mol object at 0x146151a80>,0.7302781006828171,2.981252701396434,0.7976076006889343,1
175,CC(C)c1ccc(C=CC(=O)O)cc1,15.99,<rdkit.Chem.rdchem.Mol object at 0x1461521f0>,0.7439146166066511,1.73925912820226,0.8159873485565186,1
176,CCn1cc(C(=O)O)c(=O)c2cc(F)c(N3CCOCC3)cc21,17.14,<rdkit.Chem.rdchem.Mol object at 0x146152340>,0.9317379784202534,2.310625109512296,0.9973649382591248,1
177,Cc1c(C(=O)NCCCN2CCOCC2)oc2cccc(F)c12,15.78,<rdkit.Chem.rdchem.Mol object at 0x146152490>,0.8592842375290207,2.2654481645822244,0.9722250699996948,1
178,O=C(NC1CCC1)c1cncc(-c2cnc3ccccc3c2)c1,20.52,<rdkit.Chem.rdchem.Mol object at 0x146152a40>,0.8043493889554233,2.0304832861770485,0.977536916732788,1
180,CCN(CC)CCNC(=O)c1c(C)[nH]c2c1CC(C)(C)CC2=O,12.31,<rdkit.Chem.rdchem.Mol object at 0x146153290>,0.8467005458991038,2.764576497539592,0.870384931564331,1
181,CCOCCCNC(=O)CN1CCN(c2ccc(F)cc2)CC1,18.77,<rdkit.Chem.rdchem.Mol object at 0x146153370>,0.7364269475734406,1.8737048079388696,0.7671610713005066,1
182,O=C(Nc1ccc2c(c1)CCN(C(=O)c1cccc(F)c1)C2)C1CCCN1,25.73,<rdkit.Chem.rdchem.Mol object at 0x146153530>,0.8769367862086381,2.6393059558343026,0.9175870418548584,1
183,COc1ccc(NC(=O)NC2CCCCC2)cc1,15.37,<rdkit.Chem.rdchem.Mol object at 0x1461535a0>,0.8629377821966259,1.5705657218499027,0.7935240864753723,1
185,COc1c(NC(C)=O)ccc2ncccc12,22.84,<rdkit.Chem.rdchem.Mol object at 0x146153bc0>,0.8367929352315235,1.953733090732948,0.9566211700439452,1
186,CCCC(=O)N=c1ccc(NC(=O)Nc2cccc(F)c2)c[nH]1,21.64,<rdkit.Chem.rdchem.Mol object at 0x146154120>,0.8095003904994551,2.724980483033004,0.7457717061042786,1
187,COc1cccc(NC(=O)N2CCCc3cc(Oc4ccncc4)ccc32)c1,21.39,<rdkit.Chem.rdchem.Mol object at 0x146154270>,0.7067530621234961,2.1566212407227,0.9464759826660156,1
188,COc1ccc(CN2CCC2(C)C(=O)Nc2ccc(C)cc2)cc1OC,15.9,<rdkit.Chem.rdchem.Mol object at 0x1461542e0>,0.8608517764610526,2.598987354903567,0.9653556942939758,1
189,Nc1nc(-c2ccccc2O)nc2sc3c(c12)CCCC3,18.08,<rdkit.Chem.rdchem.Mol object at 0x146154430>,0.7205243605879422,2.3594539609113614,0.6428008675575256,1
190,COc1ccc(Cn2cc(C(=O)O)c(=O)c3cc(OC)ccc32)cc1,22.38,<rdkit.Chem.rdchem.Mol object at 0x146154510>,0.7732541897042998,1.8999859614513688,0.921293556690216,1
191,CCOC(=O)C1CCN(C(=O)COc2ccc3c(c2)OCO3)CC1,21.67,<rdkit.Chem.rdchem.Mol object at 0x146154d60>,0.761032325905013,2.056547854157243,0.9734429717063904,1
192,Cc1c2ccc(N(CCCO)Cc3ccc(F)cc3)cc2nn1C,17.37,<rdkit.Chem.rdchem.Mol object at 0x146155380>,0.7542080792078577,2.371572849238888,0.7741588950157166,1
194,Cc1ccc(C(=O)NCC(c2ccccc2)N(C)C)c(O)c1,17.7,<rdkit.Chem.rdchem.Mol object at 0x146155620>,0.892171533624122,2.313302846769421,0.7134059071540833,1
195,O=C(Cc1ccccc1)NC(=S)Nc1cccc2ccccc12,12.56,<rdkit.Chem.rdchem.Mol object at 0x146155bd0>,0.7193169403915137,1.7377011966248102,0.5084905624389648,1
197,O=C(NCC1CCCN1CCc1ccccc1)NC1CCCCC1,22.64,<rdkit.Chem.rdchem.Mol object at 0x1461560a0>,0.840693256518545,2.472411714562682,0.9162450432777404,1
199,COc1ccc(CN2CCC(N3CCC(C(=O)NC(C)C)CC3)CC2)cc1,16.63,<rdkit.Chem.rdchem.Mol object at 0x1461563b0>,0.8327898312228896,2.0201843034963627,0.988198220729828,1
200,Cc1cc(=O)c2cccc(C(=O)NCCCN3CCOCC3)c2[nH]1,14.9,<rdkit.Chem.rdchem.Mol object at 0x146156500>,0.810798565912949,2.280572603321122,0.9818565249443054,1
201,Fc1ccc2nc(N3CCOCC3)sc2c1,15.75,<rdkit.Chem.rdchem.Mol object at 0x1461574c0>,0.7617568631600409,2.017564841960443,0.9663144946098328,1
202,COc1ccc(CNC(=O)c2c[nH]c(-c3cc(F)ccc3OC)c2)cc1,21.1,<rdkit.Chem.rdchem.Mol object at 0x146157840>,0.7082760628735861,2.116657140191311,0.5721880793571472,1
205,CN1CCN(c2ccc3[nH]c(-c4ccncc4)nc3c2)CC1,14.21,<rdkit.Chem.rdchem.Mol object at 0x146158970>,0.7878684096230205,2.187104658961905,0.9656290411949158,1
206,CCc1ccc(NC(=O)c2cc(C)nc3ccccc23)c(C)c1,20.3,<rdkit.Chem.rdchem.Mol object at 0x1461589e0>,0.7639389365861866,1.7846285303702842,0.8322435617446899,1
208,Cc1cc(C)c(C=C2C(=O)Nc3ccccc32)[nH]1,7.16,<rdkit.Chem.rdchem.Mol object at 0x146159070>,0.7365043879614916,2.3908968739557164,0.6147541403770447,1
209,NS(=O)(=O)NC1CCCN(CC(=O)N2CCCc3ccccc32)C1,33.49,<rdkit.Chem.rdchem.Mol object at 0x1461590e0>,0.8103873204114197,2.8197023907464818,0.7902724146842957,1
210,COc1cnn(C)c(=O)c1-c1cccc(NC(=O)c2cccc(C(F)(F)F)c2)c1,20.76,<rdkit.Chem.rdchem.Mol object at 0x146159460>,0.7206398699951918,2.23225030613661,0.8074805736541748,1
212,COCCCNC(=O)Nc1cccc2cccnc12,21.13,<rdkit.Chem.rdchem.Mol object at 0x146159f50>,0.810330146283779,1.8864388735944464,0.8113203644752502,1
214,COc1cc(NS(C)(=O)=O)ccc1N=c1[nH]cnc2ccccc12,19.73,<rdkit.Chem.rdchem.Mol object at 0x14615af10>,0.7579472141989256,2.6912418537637723,0.7903269529342651,1
215,COCCCNC(=O)c1cc(C)nc2ccc(OC)cc12,18.39,<rdkit.Chem.rdchem.Mol object at 0x14615b140>,0.8286947069220593,1.9000167625442952,0.9432580471038818,1
216,CN1CCN(CC(=O)NCCCN2CCOCC2)c2cc(Cl)ccc21,20.41,<rdkit.Chem.rdchem.Mol object at 0x14615b370>,0.7718332232667015,2.3205896977151035,0.8599937558174133,1
217,Cn1cnc2c(N3CCOCC3)cc(-c3ccncc3)nc21,21.94,<rdkit.Chem.rdchem.Mol object at 0x14615b4c0>,0.7221486124954216,2.472944658961904,0.9000587463378906,1
218,Cc1ccc2c(OCCCN3CCCC3)cccc2n1,17.33,<rdkit.Chem.rdchem.Mol object at 0x14615b760>,0.7785435430966196,1.8724430444136004,0.92831951379776,1
220,CCCCN(C(=O)CC(C)C)c1c(N)nc(C)[nH]c1=O,21.68,<rdkit.Chem.rdchem.Mol object at 0x14615bed0>,0.8312680631944087,2.712778785231785,0.8430919647216797,1
222,CC1(C)C=Cc2cc(C(=O)Nc3cccc(O)c3)c(O)cc2O1,22.17,<rdkit.Chem.rdchem.Mol object at 0x14615c890>,0.792450025370171,2.5239207825892187,0.9714645743370056,1
223,Cc1c(-c2ccc(Cl)cc2)c2cccc3c2n1CCNC3=O,24.09,<rdkit.Chem.rdchem.Mol object at 0x14615c900>,0.7236310127746161,2.3661145659779663,0.9847036004066468,1
226,Cc1cc2cc(N3CCc4cc(CN5CCOCC5)ccc43)ccc2cn1,20.31,<rdkit.Chem.rdchem.Mol object at 0x14615d700>,0.7047961776353616,2.375061923376484,0.6586557626724243,1
228,OCC1c2[nH]c3ccc(F)cc3c2CCN1Cc1ccc2c(c1)OCO2,20.65,<rdkit.Chem.rdchem.Mol object at 0x14615dbd0>,0.7587684208448183,2.9230774996542763,0.6289862394332886,1
230,CCN1C(=O)CC(C)(C)c2cc(C)c(CSc3ccccc3)cc21,20.18,<rdkit.Chem.rdchem.Mol object at 0x14615e0a0>,0.7025296683003778,2.448461277009537,0.6835748553276062,1
231,Cc1nc2c(OCc3ccccc3)cccn2c1NC(=O)C1CC1,12.77,<rdkit.Chem.rdchem.Mol object at 0x14615e260>,0.7813914357835773,2.199829459508413,0.7920951843261719,1
232,COc1cccc(-c2cc(C(=O)NCC3CCC(OC)CC3)ccc2N)c1,20.89,<rdkit.Chem.rdchem.Mol object at 0x14615ed50>,0.7590848628601267,2.180452635164695,0.902765691280365,1
233,CC1CCCCC1=NNc1ccc(F)cc1,18.04,<rdkit.Chem.rdchem.Mol object at 0x14615ef10>,0.7530150749891121,2.638411746936587,0.778364896774292,1
234,C=CCOc1cc2ncccc2cc1C(=O)Nc1ccc(F)cc1,20.29,<rdkit.Chem.rdchem.Mol object at 0x14615eff0>,0.716605527827843,2.0251150782375085,0.5657995939254761,1
235,COc1ccnc2nc(N3CCC(N4CCCCC4)CC3)sc12,17.51,<rdkit.Chem.rdchem.Mol object at 0x14615f060>,0.8635028513826581,2.495001537679716,0.9961491823196412,1
236,COCCOc1cc2c(cc1OC)cc1n2CCNC1=O,17.94,<rdkit.Chem.rdchem.Mol object at 0x14615f290>,0.8460114387430459,2.495651312739861,0.9012625217437744,1
237,COc1cc2[nH]c(Oc3cncc(F)c3)nc(=N)c2cc1OC,25.03,<rdkit.Chem.rdchem.Mol object at 0x14615fbc0>,0.7706302480829429,2.8708784711986866,0.5329824090003967,1
238,O=C(Nc1ccc(OC2CCN(C(=O)c3cccnc3)CC2)cc1)N1CCCC1,23.66,<rdkit.Chem.rdchem.Mol object at 0x1461603c0>,0.8625578814837868,2.1158053740099145,0.9609951376914978,1
239,O=C(CO)NC1CCC(CCN2CCN(c3nccc4sccc34)CC2)CC1,31.76,<rdkit.Chem.rdchem.Mol object at 0x1461605f0>,0.7769540149271,2.536350321398123,0.9881836771965028,1
240,CCOC(=O)c1c(CC(C)C)oc2ccc(O)cc12,27.15,<rdkit.Chem.rdchem.Mol object at 0x146160740>,0.8563931138133011,2.324645097370672,0.9936593174934388,1
241,O=c1cc(NCCCN2CCOCC2)[nH]c2ccccc12,19.46,<rdkit.Chem.rdchem.Mol object at 0x1461607b0>,0.8212985557564502,2.262828235816785,0.9785153865814208,1
243,N#Cc1cccc(C(=O)Nc2ccc3c(c2)C(N2CCC(C(=O)NC4CC4)CC2)CC3)c1,24.14,<rdkit.Chem.rdchem.Mol object at 0x146160ac0>,0.7588412221883175,2.8164169872283384,0.9741767644882202,1
245,Cc1cc(C(=O)Nc2ccc(C)c(CN3CCNC(C)C3)c2)ccc1N,25.4,<rdkit.Chem.rdchem.Mol object at 0x146160f20>,0.7401317324583747,2.670046575135391,0.8468620181083679,1
246,CCN(CC)c1nccc(-c2ccc3[nH]ccc3c2)n1,22.93,<rdkit.Chem.rdchem.Mol object at 0x146161230>,0.7860715168098634,2.395673620325123,0.9000993371009827,1
247,O=C(NCCc1ccccc1)Nc1cccc2cnccc12,16.09,<rdkit.Chem.rdchem.Mol object at 0x1461612a0>,0.7713856554597345,1.789304658961905,0.6886149644851685,1
248,Cc1ccc(F)c(NC(=O)Nc2cccc(F)c2)c1,15.11,<rdkit.Chem.rdchem.Mol object at 0x1461614d0>,0.8458201769064208,1.6397313818409174,0.70734703540802,1
249,COc1ccc(C=CC(=O)N2CCc3ccc(O)cc3C2)cc1O,19.15,<rdkit.Chem.rdchem.Mol object at 0x146161540>,0.8514356976750066,2.2832303153022355,0.8477281332015991,1
252,CC(=O)N1CCc2cc(CNC(=O)CCN3CCOCC3)ccc21,20.72,<rdkit.Chem.rdchem.Mol object at 0x146161fc0>,0.8720335000151486,2.149772603321121,0.5572654604911804,1
253,Cc1ccc(-c2cc(CNCCO)co2)cc1,15.48,<rdkit.Chem.rdchem.Mol object at 0x1461620a0>,0.7762803515043565,2.223720271008532,0.5331667065620422,1
255,COc1ccc2cnc(C)cc2c1OCCCN1CCCC1,17.89,<rdkit.Chem.rdchem.Mol object at 0x146162490>,0.7657105714306084,2.1855788860329106,0.9447661638259888,1
256,COc1cc(NC(=O)Nc2cccc(C)c2)ccc1OCC(=O)O,13.58,<rdkit.Chem.rdchem.Mol object at 0x146162500>,0.7559687034893277,1.758976546814358,0.7686014771461487,1
257,CC(C)(O)C1CCN(C(=O)Nc2ccc3[nH]ccc3c2)CC1,21.94,<rdkit.Chem.rdchem.Mol object at 0x1461628f0>,0.7971436427014182,2.384252141305865,0.9966834187507628,1
258,O=C(Nc1ccc(F)cc1)c1ccc(-c2cccnc2)cc1,18.63,<rdkit.Chem.rdchem.Mol object at 0x146162ce0>,0.7879661223346391,1.5550704725713729,0.5515068173408508,1
260,NC(=O)n1cc(CCc2ccccn2)c2cc(O)ccc21,18.19,<rdkit.Chem.rdchem.Mol object at 0x146163060>,0.7733733982939075,2.4107697742783234,0.6831604242324829,1
262,Cc1ccc2c(Nc3ccc(C)c(C)c3)ccnc2n1,15.19,<rdkit.Chem.rdchem.Mol object at 0x146163220>,0.7487628777181136,2.084386240735567,0.5707634687423706,1
264,Cc1ccc(F)c(NC(=O)Nc2ccc(Oc3ccncn3)cc2F)c1,15.8,<rdkit.Chem.rdchem.Mol object at 0x1461638b0>,0.7216122681236861,2.187624291958464,0.7494276762008667,1
267,O=C(NC(=S)Nc1cccnc1)c1ccc(-c2ccccc2)cc1,16.67,<rdkit.Chem.rdchem.Mol object at 0x146164430>,0.7144439896417101,1.7664466501438625,0.8415844440460205,1
268,CCN1CCN(C2CCN(Cc3ccccc3C(F)(F)F)CC2)CC1C,20.12,<rdkit.Chem.rdchem.Mol object at 0x146164580>,0.8013776603001717,2.7929340356201102,0.9953852295875548,1
269,Cc1ccc(F)c(NC(=O)Nc2ccc3c(ccn3C)c2)c1,14.95,<rdkit.Chem.rdchem.Mol object at 0x1461645f0>,0.7287416568055691,1.9998315457723643,0.8231827616691589,1
270,Fc1ccc2c(C3CCN(Cc4nccs4)CC3)noc2c1,25.39,<rdkit.Chem.rdchem.Mol object at 0x146164740>,0.7366252953898295,2.515399096831729,0.8102045059204102,1
272,c1cc(-c2ccc(C3CCN(CC4CC4)CC3)nc2)ccn1,21.02,<rdkit.Chem.rdchem.Mol object at 0x146164820>,0.859763806787708,2.2472821737548045,0.9281597137451172,1
273,c1ccc2c3c([nH]c2c1)C1CCCCN1CC3,14.5,<rdkit.Chem.rdchem.Mol object at 0x146164900>,0.7302812420579535,2.5940845848866125,0.9130701422691344,1
274,NC(=O)c1cc(-c2cnc3c(c2)CCCN3C(N)=O)ccc1F,19.12,<rdkit.Chem.rdchem.Mol object at 0x146164ac0>,0.8833380975352152,2.5056416960507573,0.9079430103302002,1
276,COc1cc(C=Cc2ccc3c(c2)OCO3)cc(OC)c1,15.0,<rdkit.Chem.rdchem.Mol object at 0x146164cf0>,0.8037890826970628,2.0611578701169098,0.6260669827461243,1
277,Cc1ccc(F)c(NC(=O)Nc2cccc(C(F)(F)F)c2)c1,19.21,<rdkit.Chem.rdchem.Mol object at 0x146164d60>,0.7686297969789605,1.809540280263679,0.8239922523498535,1
278,COc1cccc(NC(=O)C2CCN(c3cc(C)ccn3)CC2)c1,16.62,<rdkit.Chem.rdchem.Mol object at 0x146165000>,0.9373441210288114,1.908072937769284,0.9627729654312134,1
279,Cc1cc(=O)[nH]c2ccc(NC(=O)c3ccccc3C(F)(F)F)cc12,17.92,<rdkit.Chem.rdchem.Mol object at 0x146165150>,0.7335534284337181,2.10137431309972,0.5337170362472534,1
280,O=C(CN1CCN(c2ccccc2)CC1)Nc1ccc2c(c1)COC2=O,26.09,<rdkit.Chem.rdchem.Mol object at 0x1461654d0>,0.855223717472748,2.019341230354348,0.775829017162323,1
282,COc1ccc(NC(=O)CCc2c(C)nc3cccc(O)c3c2C)cc1,15.72,<rdkit.Chem.rdchem.Mol object at 0x146165690>,0.72543777033047,2.095971955217085,0.7109341621398926,1
283,CCOc1ccc2c(c1)[nH]c(=O)c1c2ncn1C,25.37,<rdkit.Chem.rdchem.Mol object at 0x1461657e0>,0.7463810508563582,2.305235335494178,0.8638672232627869,1
284,CC(C)(C)OC(=O)NCC1(c2ccccc2)CCN(C(=O)c2ccc(Cl)s2)CC1,27.36,<rdkit.Chem.rdchem.Mol object at 0x1461658c0>,0.7277029322147951,2.445933297589601,0.9698933959007264,1
285,Cc1cc(C)cc(NC(=O)C2CCCN(Cc3ccccc3F)C2)c1,25.33,<rdkit.Chem.rdchem.Mol object at 0x146165a10>,0.9002001681273302,2.359352140248763,0.6953867673873901,1
286,O=C(Nc1ccc2c(c1)C(=O)n1cccc1CO2)Nc1ccc(F)cc1F,20.57,<rdkit.Chem.rdchem.Mol object at 0x146165a80>,0.717429697948713,2.5062472405593006,0.7018497586250305,1
287,O=C1COc2cc(OCCCN3CCCC3)ccc2N1,17.93,<rdkit.Chem.rdchem.Mol object at 0x146165c40>,0.8343350369381891,2.139375769315817,0.587026834487915,1
289,Cc1cc(C)cc(C(=O)Nc2cccc(N3CCC(N4CCCCC4)CC3)c2)c1,14.57,<rdkit.Chem.rdchem.Mol object at 0x146166110>,0.7956495903468646,2.098325361081665,0.9833857417106628,1
290,COc1cccc(C(=O)c2cn(CC(=O)O)c3ccccc23)c1,23.05,<rdkit.Chem.rdchem.Mol object at 0x1461665e0>,0.7357216322882132,1.9377371694235368,0.8599320650100708,1
291,NC(=O)C1(N2CCCCC2)CCN(C(=O)COCC(=O)N2CCCc3ccccc32)CC1,28.45,<rdkit.Chem.rdchem.Mol object at 0x1461667a0>,0.7167822225801816,2.6896545517604835,0.9985464215278624,1
293,Cc1ccc(CN2CCC(N3CCC(C)(C(=O)NC4CC4)C3)CC2)cc1,16.75,<rdkit.Chem.rdchem.Mol object at 0x146166b20>,0.8820215778969508,2.766627778678238,0.9938104748725892,1
294,O=C(C1CCCN(c2ccc3[nH]c(-c4ccncn4)nc3c2)C1)N1CCCC1,19.66,<rdkit.Chem.rdchem.Mol object at 0x146166dc0>,0.7604736719807998,2.9278785488535704,0.9949923157691956,1
295,Cc1ccc(-c2cc(C(=O)N3CCN(CCN4CCOCC4)CC3)[nH]n2)s1,23.77,<rdkit.Chem.rdchem.Mol object at 0x146166f10>,0.8403773617755391,2.474672797281059,0.9880213141441344,1
296,COC(=O)c1cc2cc3c(cc2[nH]c1=O)OCCO3,19.72,<rdkit.Chem.rdchem.Mol object at 0x146166f80>,0.7772536654171471,2.235918174293749,0.9802399277687072,1
297,O=C(Nc1ccccc1F)N(Cc1ccc2c(c1)OCO2)CC1CCC1,23.55,<rdkit.Chem.rdchem.Mol object at 0x146167220>,0.8644355563974159,2.144084874079045,0.6452603340148926,1
298,OCCN1CCN(Cc2ccc(F)cc2)CC1,12.28,<rdkit.Chem.rdchem.Mol object at 0x146167290>,0.8452911369203151,1.6504499413382003,0.6568720936775208,1
299,CCCC(NC(=O)C1CCNCC1)C(=O)N1CCN(c2ccccn2)CC1,26.5,<rdkit.Chem.rdchem.Mol object at 0x1461675a0>,0.7783766777893236,2.721275186603533,0.9863601326942444,1
301,O=C(C=Cc1ccccc1C(F)(F)F)N1CCc2cncnc2C1,23.71,<rdkit.Chem.rdchem.Mol object at 0x146167bc0>,0.793598347263697,2.611268098107667,0.563971757888794,1
302,COc1ccc(Oc2ncc(C(N)=O)cc2NC(=O)N2CCC(F)(F)C2)cc1,26.68,<rdkit.Chem.rdchem.Mol object at 0x146167ca0>,0.8137635665478047,2.521795710343138,0.9198351502418518,1
304,COCCCNC(=O)c1ccc2c(c1)nc1n2CCCCC1,18.95,<rdkit.Chem.rdchem.Mol object at 0x1461684a0>,0.8634503630006523,2.150271193725217,0.6864746809005737,1
305,CCOC(=O)N1CCN(C(=O)CNC(=O)c2cc3ncccc3s2)CC1,20.64,<rdkit.Chem.rdchem.Mol object at 0x146168970>,0.8690854261227573,2.255075643309814,0.9987014532089232,1
306,COc1cc(C=Cc2ccc(O)cc2)cc(OC)c1,13.53,<rdkit.Chem.rdchem.Mol object at 0x1461690e0>,0.8496677559492319,1.886630994806568,0.7242809534072876,1
307,COc1ccc(NC(=O)CN2CCN(C(=O)c3cccc(OC)c3)CC2)cc1,17.48,<rdkit.Chem.rdchem.Mol object at 0x146169310>,0.8272518520648814,1.7442273523549725,0.8799543976783752,1
308,COc1ccc(F)cc1NC(=O)N=c1cc[nH]cc1,20.93,<rdkit.Chem.rdchem.Mol object at 0x146169700>,0.8706056053736965,2.808902789678364,0.8408735990524292,1
309,COC(=O)C1CCCN1C(=O)CN(C)CC(=O)Nc1ccc(F)cc1,25.65,<rdkit.Chem.rdchem.Mol object at 0x146169c40>,0.7693214658699622,2.487438588032456,0.8616823554039001,1
310,COc1ccc(CCNC(=O)c2cc(OC)c(OC)c(OC)c2)cc1OC,17.65,<rdkit.Chem.rdchem.Mol object at 0x146169d90>,0.7263518121121969,1.8534915002995584,0.5117371082305908,1
312,CC(C)(C)OC(=O)N1CCN(c2ccc(C(=O)NC3CCCC3)cn2)CC1,22.56,<rdkit.Chem.rdchem.Mol object at 0x14616a260>,0.8805287363690383,2.1192526824857936,0.9783918261528016,1
313,Fc1ccccc1CN1CCN(CCN=c2cc[nH]c3cc(Cl)ccc23)CC1,21.25,<rdkit.Chem.rdchem.Mol object at 0x14616a2d0>,0.7110746765687923,2.583035499634521,0.8210738897323608,1
314,CC(C)(Oc1ccc(NC(=O)Nc2cccc(Cl)c2)cc1)C(=O)O,22.87,<rdkit.Chem.rdchem.Mol object at 0x14616a3b0>,0.7542465279133436,1.8924852515424653,0.9707300066947936,1
316,CNC(=O)c1ccc(Cl)c(NC(=O)Nc2ccc(F)c(F)c2)c1,18.61,<rdkit.Chem.rdchem.Mol object at 0x14616a9d0>,0.7989466128867713,1.8423947180287783,0.9711776375770568,1
317,Cc1cc(F)ccc1NC(=O)Nc1ccc2ncccc2c1,22.33,<rdkit.Chem.rdchem.Mol object at 0x14616ac70>,0.7391693277145781,1.799384895648295,0.8330284953117371,1
320,COc1ccc(-c2cc(C(=O)O)nn2-c2ccc(Cl)cc2)cc1,18.22,<rdkit.Chem.rdchem.Mol object at 0x14616b300>,0.7885470199096768,1.8955213114353704,0.7304769158363342,1
321,CCOc1ccc(-n2nc3ncnc(N4CCCC4)c3c2C)cc1,16.61,<rdkit.Chem.rdchem.Mol object at 0x14616b7d0>,0.7381748430825705,2.3441892875065022,0.8184137344360352,1
322,CNc1ccc2c(=O)c(C(=O)O)cn(C3CC3)c2c1F,16.82,<rdkit.Chem.rdchem.Mol object at 0x14616b920>,0.90129906954427,2.4551747697504123,0.9982916712760924,1
323,CCOc1c(O)n(CC(=O)O)c2ncccc2c1=O,31.49,<rdkit.Chem.rdchem.Mol object at 0x14616bc30>,0.837360050053322,2.49381314470795,0.8315773606300354,1
324,COc1cc(OC)c2c(=O)c3cc(OC)c(OC)cc3ccc2c1,18.36,<rdkit.Chem.rdchem.Mol object at 0x14616c190>,0.7354579643562937,2.113299623737434,0.9562942981719972,1
325,Cc1ccc(C(=O)NCCN(C)C)cc1,18.18,<rdkit.Chem.rdchem.Mol object at 0x14616c5f0>,0.8047121940394059,1.502568015614422,0.563007116317749,1
326,COc1ccc2[nH]ccc(=NC(=O)c3ccc(F)cc3)c2c1,22.86,<rdkit.Chem.rdchem.Mol object at 0x14616c890>,0.7898990620489742,2.3751585220219216,0.6331849694252014,1
327,Cc1cccc(CN2CCC(C(=O)N3CCC(Oc4ccccc4C)CC3)CC2)c1,25.87,<rdkit.Chem.rdchem.Mol object at 0x14616cac0>,0.7283061102282011,2.089005067220949,0.835931122303009,1
328,Cc1cc(N2CCCCC2)nc2ccc(NC(=O)CCN3CCN(CCO)CC3)cc12,21.17,<rdkit.Chem.rdchem.Mol object at 0x14616cb30>,0.7101929280887448,2.29828062667932,0.9653995633125304,1
329,CCCCC1CNC(=O)C(=O)N1Cc1ccc(-c2ccc(C(F)(F)F)cc2)cc1,16.69,<rdkit.Chem.rdchem.Mol object at 0x14616cba0>,0.7263240476039734,2.8391508984234903,0.920571267604828,1
333,O=C(NCCc1ccccc1)c1cc(O)n(-c2ccccc2)c1,17.08,<rdkit.Chem.rdchem.Mol object at 0x14616d540>,0.760567307601398,2.0440959153389304,0.7538090944290161,1
335,CC(O)Cn1cc(C(=O)NCC2CCCCC2)cn1,23.55,<rdkit.Chem.rdchem.Mol object at 0x14616d7e0>,0.8489840183343215,2.72924175803362,0.606201171875,1
336,CCC(=O)N1CCN(c2ccc(C)cc2)CC1,18.27,<rdkit.Chem.rdchem.Mol object at 0x14616db60>,0.7788974519445176,1.642906966455941,0.9916933178901672,1
337,CCn1nnc2cc(C(=O)NCCc3ccccc3)ccc21,22.09,<rdkit.Chem.rdchem.Mol object at 0x14616de00>,0.7859042915699304,1.8644822514175257,0.6694521307945251,1
339,Cc1cc(C(=O)O)cc(-c2cn3c(C)csc3n2)n1,31.52,<rdkit.Chem.rdchem.Mol object at 0x14616e180>,0.7792369824976477,2.5910901626827165,0.894683301448822,1
340,Cc1cccc2c3c([nH]c12)C(=NCCO)CC3,22.34,<rdkit.Chem.rdchem.Mol object at 0x14616e650>,0.8130280787476158,2.9551080261105724,0.799819827079773,1
342,COc1cc(OC)c2c3c(c(C)nc2c1Cl)CCCO3,23.51,<rdkit.Chem.rdchem.Mol object at 0x14616ec00>,0.8490195158235841,2.647559201984844,0.7876800298690796,1
343,Oc1ccc2cc(-c3ccc(CN4CCCC4)cc3)ccc2c1,19.24,<rdkit.Chem.rdchem.Mol object at 0x14616ece0>,0.7504139823535622,1.789989999218177,0.8597215414047241,1
344,COc1cc2c(cc1OC)CN(CC(=O)N1CCCC1)CC2,22.83,<rdkit.Chem.rdchem.Mol object at 0x14616eff0>,0.8486825000821605,2.011683796747196,0.8148558735847473,1
345,NC(=O)C1CCN(CC(=O)Nc2ccc(Oc3ccccc3)cc2)CC1,17.23,<rdkit.Chem.rdchem.Mol object at 0x14616f300>,0.8359572289241767,1.7768627202328915,0.9553688168525696,1
346,CCOC(=O)N1CCN(CCCNC(=O)Cn2c(C)cc3ccccc32)CC1,19.25,<rdkit.Chem.rdchem.Mol object at 0x14616f530>,0.7413416846532399,2.161725236970355,0.9621093273162842,1
347,Clc1ccc(OCCN=c2cc(N3CCCCCC3)[nH]cn2)cc1,27.9,<rdkit.Chem.rdchem.Mol object at 0x14616f8b0>,0.8438282211361106,2.813650572137364,0.6574308276176453,1
348,COc1ccccc1OC1CCN(C(=O)c2c(C)cc(C)[nH]c2=O)C1,21.31,<rdkit.Chem.rdchem.Mol object at 0x14616fc30>,0.9253339271860436,2.7129589224806168,0.8283542990684509,1
349,O=C(C1CCCN1)N1CCC(CO)(Cc2ccccc2)CC1,25.7,<rdkit.Chem.rdchem.Mol object at 0x1461700b0>,0.8877641775022692,2.8182555146445782,0.9863992929458618,1
350,CCCCCCNC1CCc2cc(O)ccc2C1,16.53,<rdkit.Chem.rdchem.Mol object at 0x146170190>,0.7549433607612878,2.5419176093373093,0.640403687953949,1
351,Cc1ccc(-c2ccc(OCCNCCO)cc2)cc1,16.08,<rdkit.Chem.rdchem.Mol object at 0x146170200>,0.7606580654848972,1.694697758256158,0.5711870193481445,1
352,COC(=O)C1CCN(C(=O)c2ccc(F)c(F)c2)C1,13.84,<rdkit.Chem.rdchem.Mol object at 0x1461703c0>,0.7660833969471474,2.30798071266873,0.9937785267829896,1
354,CN1CCN(CC(=O)Nc2cc(Cl)ccc2Cl)CC1,13.41,<rdkit.Chem.rdchem.Mol object at 0x146170ba0>,0.9293892326328276,1.7331537330745892,0.7431802153587341,1
355,Cn1cncc1NC(=O)Nc1cc(Cl)ccc1Oc1ccccc1,20.61,<rdkit.Chem.rdchem.Mol object at 0x146170cf0>,0.7325922059878288,2.187387987936507,0.8942723274230957,1
356,COc1ccc(-c2coc3c(OC)cc(OC)cc23)cc1,16.56,<rdkit.Chem.rdchem.Mol object at 0x146170d60>,0.7221154668110221,1.9778628512013992,0.9241729378700256,1
357,OC1CCN(CCCN2c3ccccc3Oc3ccc(F)cc32)CC1,15.76,<rdkit.Chem.rdchem.Mol object at 0x146170f90>,0.9136261603040527,2.2418843236371284,0.9715266227722168,1
359,Cc1ccc(-c2cnc(-c3ccc(NC(=O)CN4CCN(C)CC4)cc3)o2)cc1,26.94,<rdkit.Chem.rdchem.Mol object at 0x146171380>,0.7224695432462969,2.0822489874552925,0.7987651824951172,1
360,CNC(=O)N1CCc2c(C(=O)Nc3ccc(OC)nc3)csc2C1,25.51,<rdkit.Chem.rdchem.Mol object at 0x146171700>,0.8914342371995082,2.5750237542162626,0.8205985426902771,1
361,Cc1cc(C)cc(C(=O)N(c2ccc3[nH]ccc3c2)C2CCN(C)C2)c1,17.35,<rdkit.Chem.rdchem.Mol object at 0x146171930>,0.7734636612855499,2.953403038553498,0.9335476160049438,1
362,O=C1c2ccccc2Oc2ccccc2N1CCCN1CCCC1,19.67,<rdkit.Chem.rdchem.Mol object at 0x146171ee0>,0.8549770924757355,2.035697592722414,0.9866004586219788,1
363,CC(C)(C)C(O)CN1CCC(CNC(=O)c2cc3cccc(F)c3[nH]2)CC1,23.15,<rdkit.Chem.rdchem.Mol object at 0x146172180>,0.7519570006328173,2.992373648141996,0.9767923951148988,1
365,COc1ccc(NC(=O)Nc2cc(C)ccc2F)cn1,20.71,<rdkit.Chem.rdchem.Mol object at 0x146172b20>,0.9038617228214312,1.8819410701167136,0.6862223148345947,1
366,COCCOc1ccc(NC(=O)N2CCC(c3ccc(C#N)cn3)CC2)cc1,18.85,<rdkit.Chem.rdchem.Mol object at 0x146172b90>,0.7763490151195509,2.291872501927621,0.834876537322998,1
370,CCOc1ccc(C(=O)c2c[nH]nc2-c2ccc(OC)cc2)cc1,23.24,<rdkit.Chem.rdchem.Mol object at 0x146173450>,0.7026257650358203,2.2136876534883463,0.566146194934845,1
373,Cc1cccc(NC(=O)c2cc(Cl)ccc2O)c1,14.64,<rdkit.Chem.rdchem.Mol object at 0x146173a70>,0.8676596318642957,1.5823643490688362,0.9178606271743774,1
374,CC(C)n1cc(NC(=O)NCCCN2CCOCC2)cn1,12.34,<rdkit.Chem.rdchem.Mol object at 0x146173bc0>,0.7762623349405705,2.2879590050475542,0.9025007486343384,1
375,O=C(NCCCN1CCOCC1)c1c[nH]c(-c2ccncc2)c1,15.49,<rdkit.Chem.rdchem.Mol object at 0x146173df0>,0.7934233929557563,2.367938641752115,0.9294300675392152,1
376,O=c1ccc(-c2ccc3[nH]c(N4CCOCC4)nc(=O)c3c2)c[nH]1,22.24,<rdkit.Chem.rdchem.Mol object at 0x146174510>,0.736859287584887,2.4779015951988086,0.9729913473129272,1
377,COc1cccc(NC(=O)c2sc3nc(C)c4c(c3c2N)CCCC4)c1,15.81,<rdkit.Chem.rdchem.Mol object at 0x146174660>,0.7223509152313212,2.33885048738466,0.8257438540458679,1
379,O=C(NCCCN1CCOCC1)c1cc2c(F)cccc2[nH]1,19.75,<rdkit.Chem.rdchem.Mol object at 0x146174ac0>,0.8276998220002734,2.1595113379559887,0.9744226932525636,1
381,Cc1cccc(Nc2nc3cnccc3s2)c1,15.12,<rdkit.Chem.rdchem.Mol object at 0x146174e40>,0.7422668608889289,2.05902473568671,0.5932744145393372,1
382,Cc1ccc(C(=O)NC2CCCN(Cc3ccc(Cl)cc3)C2)c(C)c1,24.56,<rdkit.Chem.rdchem.Mol object at 0x146175000>,0.8827352242905616,2.2874554988619806,0.6532682180404663,1
384,O=C(NCCO)C1CCN(Cc2ccc3c(c2)OCCCO3)C1,24.43,<rdkit.Chem.rdchem.Mol object at 0x1461752a0>,0.8387999210364837,2.5772681022169586,0.7574342489242554,1
386,CN1CCN(c2cc(-c3ccc4[nH]cnc4c3)ccn2)CC1,17.06,<rdkit.Chem.rdchem.Mol object at 0x146175620>,0.7878684096230205,2.332133534701549,0.9628680944442748,1
387,O=C(Cc1cc2ccccc2[nH]1)NC1CCC(CN2CCCCCC2)CC1,22.88,<rdkit.Chem.rdchem.Mol object at 0x146175770>,0.829360735846981,2.277458654145713,0.7858942151069641,1
388,CNC(=O)c1ccc(-c2cc(CC(=O)O)ccc2OC)c2cccnc12,16.92,<rdkit.Chem.rdchem.Mol object at 0x1461758c0>,0.7385531790770269,2.166207993151753,0.9563673734664916,1
389,Cc1csc(=NC(=O)Nc2ccccc2Cl)[nH]1,17.5,<rdkit.Chem.rdchem.Mol object at 0x1461759a0>,0.8191781254017786,2.9484896587636342,0.64057856798172,1
390,CN(Cc1ccc(-c2ccc(C(F)(F)F)cc2)cc1)C(=O)C1CCCO1,23.31,<rdkit.Chem.rdchem.Mol object at 0x146175fc0>,0.799918255984513,2.548318018760259,0.8285070061683655,1
391,COc1cc2c(cc1C=CCO)OCO2,20.41,<rdkit.Chem.rdchem.Mol object at 0x146176880>,0.8158542030458293,2.3700869649577623,0.5149081945419312,1
393,CC(=O)Nc1ccc(C(=O)Nc2ccc(N3CCOCC3)cc2)cc1,19.15,<rdkit.Chem.rdchem.Mol object at 0x146176b90>,0.8984754485234681,1.7238416207920275,0.920271933078766,1
395,c1cc(-c2cn[nH]c2)c2ccc(N3CCC(N4CCCCC4)CC3)cc2n1,17.55,<rdkit.Chem.rdchem.Mol object at 0x146177840>,0.7635776558770814,2.517382372094432,0.99756121635437,1
397,COc1ccc(-c2ccc3cnc(N4CCC(C(N)=O)CC4)nc3c2)cn1,21.8,<rdkit.Chem.rdchem.Mol object at 0x146177f40>,0.7648517865930907,2.380785133435655,0.9618654251098632,1
398,COc1ccc(NC(=O)N2CCc3ccccc32)cc1,13.38,<rdkit.Chem.rdchem.Mol object at 0x146178430>,0.9076746703076748,1.6890327715187592,0.7525780200958252,1
399,COc1ccccc1C(=O)Nc1ccc(N2CCC(N3CCCCC3)CC2)cc1,13.91,<rdkit.Chem.rdchem.Mol object at 0x1461787b0>,0.8176712695687561,1.959360125141135,0.9832181930541992,1
401,COC(=O)c1c(N)sc(C(=O)Nc2ccccc2)c1C,17.33,<rdkit.Chem.rdchem.Mol object at 0x146178900>,0.8514830599639076,1.9549079632236044,0.5476755499839783,1
403,OC1CCN(C2CCC(Nc3cccc4ccc(F)cc34)CC2)C1,22.08,<rdkit.Chem.rdchem.Mol object at 0x146178dd0>,0.9002031637072142,2.696975435348937,0.9966259002685548,1
405,COC(=O)c1ccc(O)c(CN2CCOCC2)c1,20.12,<rdkit.Chem.rdchem.Mol object at 0x146179310>,0.8124474019816268,1.9104081861729103,0.8849196434020996,1
407,COc1cccc(NC(=O)COC(=O)c2ccccc2O)c1,18.42,<rdkit.Chem.rdchem.Mol object at 0x146179770>,0.8269648262914892,1.651946930387748,0.8601689338684082,1
408,Cc1ccc2c(C)c(CNCCN3CCOCC3)c(C)cc2c1,23.89,<rdkit.Chem.rdchem.Mol object at 0x146179d90>,0.8582778694555049,2.2546859268199864,0.8446585536003113,1
409,COc1ccc(C)cc1Nc1cc(=O)oc2ccccc12,16.45,<rdkit.Chem.rdchem.Mol object at 0x14617a0a0>,0.7407163986882506,1.9558059281244768,0.8342143893241882,1
412,CC(C)n1cc(-c2cc(N)c3ccn(C)c3n2)cn1,19.41,<rdkit.Chem.rdchem.Mol object at 0x14617a8f0>,0.7652599402755431,2.756543863698683,0.6703535318374634,1
415,COc1cc(O)c2c(=O)cc(-c3ccc4c(c3)OCO4)oc2c1,13.18,<rdkit.Chem.rdchem.Mol object at 0x14617b300>,0.783669604046178,2.3167481645822257,0.9674624800682068,1
416,COc1ccc(C(=O)N2CCN(CC(=O)Nc3ccccc3OC)CC2)c(OC)c1,19.25,<rdkit.Chem.rdchem.Mol object at 0x14617b5a0>,0.7489960053880826,1.8960105033264243,0.9081704616546632,1
417,CCC(=O)N1CCC(Nc2ccc3c(C)cc(=O)[nH]c3c2)CC1,20.15,<rdkit.Chem.rdchem.Mol object at 0x14617bae0>,0.9153387784128112,2.299311370606969,0.9969287514686584,1
418,COc1cc(-c2cnc3cncnc3c2)ccc1CN(C)CCO,15.07,<rdkit.Chem.rdchem.Mol object at 0x14617bd10>,0.7487762299138107,2.4343612320836634,0.8168553113937378,1
419,O=C(c1ccco1)N1CCN(Cc2nc(=O)c3ccccc3[nH]2)CC1,15.21,<rdkit.Chem.rdchem.Mol object at 0x14617bf40>,0.7819825593123739,2.144397916893187,0.9670311212539672,1
420,COc1ccc2c(c1)c(CC(=O)O)c1n2CCC1CC(=O)O,20.58,<rdkit.Chem.rdchem.Mol object at 0x14617c350>,0.8839651706240497,2.979370942608007,0.8813782334327698,1
421,O=C(Cc1ccccc1)NC(=S)Nc1ccc(Cl)c(Cl)c1,13.06,<rdkit.Chem.rdchem.Mol object at 0x14617cba0>,0.8292374366865454,1.757908287968025,0.6208437085151672,1
422,COc1cccc(CNC(=O)C2CCC(=O)N2CCC2CCCCC2)c1,26.31,<rdkit.Chem.rdchem.Mol object at 0x14617ccf0>,0.8137194459142661,2.672028560383019,0.5493971109390259,1
423,O=C(NCCc1ccc(Cl)cc1)c1ccc2cc3n(c2c1)CCCNC3=O,20.44,<rdkit.Chem.rdchem.Mol object at 0x14617cdd0>,0.7271219070326351,2.299412352370565,0.8179143667221069,1
424,Cc1ccc(CN2CCC(N3CCC(C(=O)NC(C)C)CC3)CC2)cc1,14.29,<rdkit.Chem.rdchem.Mol object at 0x14617d000>,0.8789627823946748,2.012034479068649,0.9895498752593994,1
425,CCNC(=O)Nc1ccc2nc(-c3cccc(OC)c3)cn2c1,21.54,<rdkit.Chem.rdchem.Mol object at 0x14617d150>,0.7776149591264634,2.189313199547261,0.9241658449172974,1
426,COC(=O)c1c(C)[nH]c(C)c1NC(C)=O,21.66,<rdkit.Chem.rdchem.Mol object at 0x14617d460>,0.7241497592752768,2.37466329631871,0.9509032368659972,1
427,C#CCOc1cccc(C2CCN(CC3CCC(N)CC3)CC2)c1,32.35,<rdkit.Chem.rdchem.Mol object at 0x14617d7e0>,0.8430044696372213,2.453069507286722,0.8312005400657654,1
428,Cc1[nH]c2sc(C(=O)NCCN3CCOCC3)cc2c1C,19.18,<rdkit.Chem.rdchem.Mol object at 0x14617db60>,0.906988364231904,2.5496328512014,0.9897943139076232,1
429,CCOc1ccc(S(=O)(=O)N2CCC(C(=O)N3CCOCC3)CC2)cc1C,19.9,<rdkit.Chem.rdchem.Mol object at 0x14617e0a0>,0.7565103044135391,2.110515030663932,0.6502383351325989,1
430,CNC(=O)CN1CCN(c2ccccc2)c2cc(C)ccc21,25.48,<rdkit.Chem.rdchem.Mol object at 0x14617e180>,0.9454476950413097,2.0990969835603828,0.7734864950180054,1
431,Cc1[nH]c2cc(OCCN3CCCC3)ccc2c1C,17.07,<rdkit.Chem.rdchem.Mol object at 0x14617e260>,0.9114229758116116,2.037299013454586,0.9144057035446168,1
434,O=c1cc(N2CCOCC2)oc2ccc(Cc3ccccc3)cc12,16.28,<rdkit.Chem.rdchem.Mol object at 0x14617ec70>,0.7427251166238301,2.222033670728914,0.9227138757705688,1
435,Cc1ccc(-c2nsc(C(=O)N3CCC(N4CCCCC4)CC3)n2)cc1,24.06,<rdkit.Chem.rdchem.Mol object at 0x14617ed50>,0.8281997162581836,2.414878477317912,0.9830397963523864,1
436,Oc1c2c(c(O)n1-c1ccc(F)cc1)CCCC2,20.44,<rdkit.Chem.rdchem.Mol object at 0x14617f140>,0.8134633688772062,2.3272670097023216,0.902588427066803,1
437,NC(=O)c1cccc2c1C(=O)N(C1CCN(Cc3cccnc3)CC1)C2,18.83,<rdkit.Chem.rdchem.Mol object at 0x14617f1b0>,0.9118298281778958,2.3428436433098163,0.9364802241325378,1
438,COc1ccc2[nH]c(N(C)Cc3ccc(NC(C)=O)cc3)nc2c1,23.64,<rdkit.Chem.rdchem.Mol object at 0x14617f220>,0.7561304807462164,2.173471039284136,0.7046996355056763,1
439,CN=c1ccc(-c2nccc3cc(OC)c(OC)cc23)c[nH]1,19.88,<rdkit.Chem.rdchem.Mol object at 0x14617f370>,0.8079881757041351,2.84470797257137,0.5778030157089233,1
442,CCOC(=O)N1CCN(CCC(=O)Nc2cc(F)ccc2C)CC1,18.39,<rdkit.Chem.rdchem.Mol object at 0x14617fa00>,0.895015054000819,1.905334526148458,0.9587462544441224,1
443,COCCn1c(=O)[nH]c2cc(CCCC3CCN(C)CC3)ccc2c1=O,41.51,<rdkit.Chem.rdchem.Mol object at 0x1461800b0>,0.8210630663159717,2.37110079923497,0.6534392833709717,1
446,CCOc1cc2nc[nH]c(=Nc3ccc(F)c(Cl)c3)c2cc1OCC,18.05,<rdkit.Chem.rdchem.Mol object at 0x146180b30>,0.7329800015915271,2.757042352102969,0.7829943299293518,1
447,O=C(O)c1cnc2c(F)cccc2c1NCCCN1CCOCC1,21.24,<rdkit.Chem.rdchem.Mol object at 0x146180e40>,0.7896772666273595,2.29890170031109,0.9839206337928772,1
450,CNc1c(C(=O)N2CCN(CC(=O)N3CCCCC3)CC2)sc2ccccc12,23.28,<rdkit.Chem.rdchem.Mol object at 0x146181930>,0.8574597177178324,2.3275135275686445,0.9978814721107484,1
451,OCCNCCN=c1cc[nH]c2cc(Cl)ccc12,20.29,<rdkit.Chem.rdchem.Mol object at 0x146181a10>,0.7140460343536541,2.903678739601382,0.9749382138252258,1
453,Cc1cc(C)c(Cl)c(=NC(=O)Nc2ccccc2)[nH]1,25.55,<rdkit.Chem.rdchem.Mol object at 0x146182b90>,0.8231011157640149,2.627858232348901,0.6802495718002319,1
455,CCCN(CCc1ccnc2ccc(OC)cc12)C1CCN(C)CC1,18.82,<rdkit.Chem.rdchem.Mol object at 0x146182ff0>,0.7693646381611173,2.346574313099719,0.9578893780708312,1
456,COc1ccc(NC(=O)CN2C(=O)NC3(CCC(=O)CC3)C2=O)cc1,19.35,<rdkit.Chem.rdchem.Mol object at 0x1461831b0>,0.7943272757436238,2.662944636766332,0.9058595299720764,1
457,COc1ccc(NC(=O)NCCCOC(C)C)cc1,14.25,<rdkit.Chem.rdchem.Mol object at 0x1461836f0>,0.745806605233572,1.7382402352516575,0.7307663559913635,1
459,CC1CN(CCc2ccc(F)cc2)C(C)CN1,17.37,<rdkit.Chem.rdchem.Mol object at 0x146183a00>,0.8638266385913951,2.874681588375473,0.935190975666046,1
460,COc1ccc2[nH]cc(-c3cnccn3)c2c1,19.83,<rdkit.Chem.rdchem.Mol object at 0x146183c30>,0.7289770901063997,2.133212427994403,0.6903241276741028,1
461,Cc1cc2ccc(NC(=O)N3CCCC(C(F)(F)F)C3)cc2o1,21.55,<rdkit.Chem.rdchem.Mol object at 0x146183d10>,0.8355745514896027,2.81560342081627,0.993540346622467,1
462,CN1CCC(N(C)c2ccc3ncc(-c4cnn(C)c4)nc3c2)CC1,15.86,<rdkit.Chem.rdchem.Mol object at 0x1461840b0>,0.7356368925448792,2.607883928484334,0.976079285144806,1
463,CCc1cc(C)cc(NC(=O)Nc2cccc(F)c2)c1O,17.1,<rdkit.Chem.rdchem.Mol object at 0x146184120>,0.7461876655659466,2.0003099334295182,0.7336615324020386,1
464,c1ccc2c(c1)CCC(CNCCN1CCNCC1)C2,16.77,<rdkit.Chem.rdchem.Mol object at 0x146184660>,0.7916968422404482,2.700894250926181,0.7649934887886047,1
467,Cc1ccc2sc(C(=O)Nc3ccc(F)cc3)c(N)c2c1,16.08,<rdkit.Chem.rdchem.Mol object at 0x146184d60>,0.74553051883896,1.913480387055376,0.5194259881973267,1
468,O=C(NCC1CCNCC1)c1cncc(-c2cccc(F)c2)c1,16.59,<rdkit.Chem.rdchem.Mol object at 0x146185000>,0.9121380060585706,2.1749007373825595,0.8875411152839661,1
470,COc1ccc2c(=NCCN)cc(-c3ccccc3OC)[nH]c2c1,23.92,<rdkit.Chem.rdchem.Mol object at 0x1461852a0>,0.7580835870008806,2.5682294595084123,0.9192402958869934,1
471,CC(=O)c1ccc(OCCN2CCOCC2)cc1O,16.84,<rdkit.Chem.rdchem.Mol object at 0x146185380>,0.8133180533989671,2.009048943524519,0.901163935661316,1
